"modelshort","Freq"
"1",0.381395348837209
"2",0.416279069767442
"3",0.0348837209302326
"4",0.013953488372093
"5",0.153488372093023
